68793ddd-6f59-4247-be3d-fbe1284bd3de;7-16-22-35-47;4;2025-02-17;lundi;2025-02-05 21:51:44;2025-02-05 21:51:44;50fd4abc-a797-4f23-87e8-1a868350e632
0f1151ab-991e-4683-9d8c-ef8b426e3b48;3-11-20-29-44;8;2025-02-26;mercredi;2025-02-05 21:51:44;2025-02-05 21:51:44;50fd4abc-a797-4f23-87e8-1a868350e632
06b085d0-02f2-47c4-bb50-a55dbb9fabfc;10-18-25-31-49;5;2025-03-01;samedi;2025-02-05 21:51:44;2025-02-05 21:51:44;50fd4abc-a797-4f23-87e8-1a868350e632
04f015ed-0a63-46c5-9298-13d3ddb95cc5;12-19-26-32-40;6;2025-03-03;lundi;2025-02-05 21:51:44;2025-02-05 21:51:44;50fd4abc-a797-4f23-87e8-1a868350e632
68793ddd-6f59-4247-be3d-fbe1284bd3dd;9-17-23-38-42;4;2025-02-22;samedi;2025-02-05 21:51:44;2025-02-05 21:51:44;50fd4abc-a797-4f23-87e8-1a868350e632
27f6670b-2f23-4ee4-a2db-85134213ef58;1-2-3-4-5;1;2025-03-03;lundi;2025-03-08 01:13:12;2025-03-08 01:13:12;7655e8ca-2bab-405e-8bc5-6b7b2d3fd726
3c57521c-87bb-4868-ad20-23ac05156277;7-21-36-37-47;10;2025-03-03;lundi;2025-03-09 14:15:32;2025-03-09 22:34:14;7413b56e-9b24-44db-a0fa-a04b9ef82a31
f8493ca1-a10e-42c6-9a6e-422bad2bccad;9-24-38-44-48;3;2025-03-05;mercredi;2025-03-09 14:15:56;2025-03-09 14:15:56;7413b56e-9b24-44db-a0fa-a04b9ef82a31
319ad286-32b1-42ef-a124-29bc64c34d4b;2-11-15-26-39;1;2025-03-10;lundi;2025-03-09 14:16:17;2025-03-12 13:08:26;7413b56e-9b24-44db-a0fa-a04b9ef82a31
b65e2990-4b18-4490-a638-cc98e838900c;14-17-26-33-38;1;2025-03-10;lundi;2025-03-09 22:28:31;2025-03-09 22:28:31;7413b56e-9b24-44db-a0fa-a04b9ef82a31
8f23b324-21c1-4097-bf9d-f7d0b87f24a1;3-12-22-40-41;8;2025-03-10;lundi;2025-03-09 22:28:53;2025-03-09 22:28:53;7413b56e-9b24-44db-a0fa-a04b9ef82a31
bffc8bf0-1485-4011-a2b1-eb2880352a35;12-28-29-31-32;5;2025-03-10;lundi;2025-03-10 14:21:32;2025-03-10 14:21:32;7413b56e-9b24-44db-a0fa-a04b9ef82a31
23ea9729-e401-496d-aa57-8d93bc07437d;8-9-12-22-23;7;2025-03-03;lundi;2025-03-10 14:40:10;2025-03-10 14:40:10;7413b56e-9b24-44db-a0fa-a04b9ef82a31
16f07975-b590-4bca-aa46-5de0739192f9;4-21-22-23-24;4;2025-03-03;lundi;2025-03-10 15:29:16;2025-03-10 15:29:16;7413b56e-9b24-44db-a0fa-a04b9ef82a31
67ca3452-2897-4589-91a7-70d3d376468a;23-24-25-26-27;9;2025-03-03;lundi;2025-03-10 15:29:45;2025-03-10 20:54:34;7413b56e-9b24-44db-a0fa-a04b9ef82a31
30b01347-b8ec-49cf-ad9a-6934b9d161a6;7-20-22-24-25;6;2025-03-10;lundi;2025-03-10 15:36:55;2025-03-10 15:36:55;7413b56e-9b24-44db-a0fa-a04b9ef82a31
256aa082-1709-4843-8df0-c1c1c8c7cd41;29-30-44-45-46;6;2025-03-10;lundi;2025-03-10 16:55:23;2025-03-10 16:55:23;7413b56e-9b24-44db-a0fa-a04b9ef82a31
5354b88b-515d-40d3-92ea-32c05fddfe39;2-3-9-18-30;2;2025-03-08;samedi;2025-03-10 19:39:25;2025-03-12 12:29:50;7413b56e-9b24-44db-a0fa-a04b9ef82a31
8a46e619-a8f1-4bb2-9362-10539b66058f;25-26-27-41-42;4;2025-03-05;mercredi;2025-03-10 20:15:07;2025-03-10 20:15:07;7413b56e-9b24-44db-a0fa-a04b9ef82a31
e4b8284b-1e24-414b-88eb-298e67024a27;1-2-3-7-26;8;2025-03-05;mercredi;2025-03-10 20:15:47;2025-03-10 20:15:47;7413b56e-9b24-44db-a0fa-a04b9ef82a31
d8b945f7-f6fb-4737-83dd-fe9de5450128;23-24-25-41-42;7;2025-03-03;lundi;2025-03-10 20:54:07;2025-03-10 20:54:07;7413b56e-9b24-44db-a0fa-a04b9ef82a31
f9b9b0dd-b413-4c7e-b935-7b4d913fcc38;15-23-25-39-48;3;2025-03-10;lundi;2025-03-10 22:08:43;2025-03-12 12:23:33;7413b56e-9b24-44db-a0fa-a04b9ef82a31
50c9c6a7-807e-463f-9e9e-d3f9b4afc535;2-3-15-23-24;4;2025-03-10;lundi;2025-03-10 22:10:39;2025-03-10 22:10:39;7413b56e-9b24-44db-a0fa-a04b9ef82a31
46b1a9c2-109a-4a3f-91f4-96bde556679d;23-24-25-27-28;7;2025-03-10;lundi;2025-03-10 22:48:22;2025-03-10 22:48:22;7655e8ca-2bab-405e-8bc5-6b7b2d3fd726
4b7952e9-ebb7-4f31-a988-2ce2ad4444b3;11-12-44-45-46;9;2025-03-10;lundi;2025-03-10 22:48:45;2025-03-10 22:48:45;7655e8ca-2bab-405e-8bc5-6b7b2d3fd726
0819e893-6d8e-43b5-8fa5-d3d80104e97c;13-15-23-24-39;1;2025-03-10;lundi;2025-03-10 22:58:44;2025-03-10 23:00:32;50100283-87ca-4f1a-8e1a-162c24a35148
87d783de-cc9b-4e2e-9b11-93acc47de46d;6-7-29-30-31;5;2025-03-10;lundi;2025-03-10 23:20:10;2025-03-10 23:20:10;7655e8ca-2bab-405e-8bc5-6b7b2d3fd726
78697348-24d7-4881-b540-f6e5ccba7806;16-32-33-34-36;6;2025-03-10;lundi;2025-03-10 23:20:24;2025-03-10 23:20:24;7655e8ca-2bab-405e-8bc5-6b7b2d3fd726
828f4c83-a8c5-4733-96d9-4323febe5503;9-23-24-43-44;6;2025-03-10;lundi;2025-03-11 00:34:19;2025-03-11 00:34:19;7413b56e-9b24-44db-a0fa-a04b9ef82a31
bd5c902d-624c-4edd-8899-56abb2cf7245;12-14-15-22-24;6;2025-03-10;lundi;2025-03-11 01:09:44;2025-03-12 13:19:04;7413b56e-9b24-44db-a0fa-a04b9ef82a31
3ffe1ed7-c2fc-4aa9-9640-7cd009569ede;14-15-44-45-46;6;2025-03-10;lundi;2025-03-11 02:01:08;2025-03-11 02:01:08;7413b56e-9b24-44db-a0fa-a04b9ef82a31
8219959d-d750-4c01-87ae-1a309f6c6179;14-15-23-24-44;6;2025-03-10;lundi;2025-03-11 02:25:08;2025-03-11 02:25:08;7413b56e-9b24-44db-a0fa-a04b9ef82a31
ca49d525-92d2-43fd-9034-3c0def208b37;19-20-33-34-44;6;2025-03-10;lundi;2025-03-11 02:35:28;2025-03-11 02:35:28;7413b56e-9b24-44db-a0fa-a04b9ef82a31
5a1c83f0-77b5-44e3-9ed5-5d82443a7f29;4-5-34-35-46;5;2025-03-12;mercredi;2025-03-11 03:03:02;2025-03-11 03:03:02;7413b56e-9b24-44db-a0fa-a04b9ef82a31
ea4d05dd-65b1-4165-9456-1c9e9d088353;19-20-34-44-45;3;2025-03-05;mardi;2025-03-11 03:10:22;2025-03-13 23:08:14;7413b56e-9b24-44db-a0fa-a04b9ef82a31
93bd57e3-29ba-481b-9008-12d0584d7864;2-3-9-18-31;2;2025-03-08;samedi;2025-03-11 03:49:35;2025-03-12 12:30:13;7413b56e-9b24-44db-a0fa-a04b9ef82a31
8845b479-9450-4a29-b2e7-78f790790e36;6-24-36-39-46;4;2025-03-10;lundi;2025-03-11 05:28:06;2025-03-11 05:32:09;acf7be33-bc94-41e5-82c8-c7f65047f3e9
7b737911-2b2c-45dc-8781-6d6d81b3a8ff;1-16-30-32-33;6;2025-03-10;lundi;2025-03-11 05:28:24;2025-03-11 05:28:24;acf7be33-bc94-41e5-82c8-c7f65047f3e9
86ffd9ee-3bb1-4e07-a05d-8a973461c833;15-16-30-32-44;5;2025-03-10;lundi;2025-03-11 05:28:43;2025-03-11 05:28:43;acf7be33-bc94-41e5-82c8-c7f65047f3e9
f9907612-eadd-48c5-9b7d-de4fcde9c017;6-14-26-31-45;1;2025-03-10;lundi;2025-03-11 05:29:17;2025-03-11 10:01:51;acf7be33-bc94-41e5-82c8-c7f65047f3e9
beff4c28-db38-464d-b4b7-781cb4fe3738;12-20-34-37-38;6;2025-03-12;mercredi;2025-03-11 05:29:44;2025-03-11 05:29:44;acf7be33-bc94-41e5-82c8-c7f65047f3e9
b21f2403-2c96-4629-8b40-bf2d80409b66;9-10-22-33-34;4;2025-03-15;samedi;2025-03-11 05:30:02;2025-03-11 05:30:02;acf7be33-bc94-41e5-82c8-c7f65047f3e9
a0568597-fcaa-4158-abdc-3da0b14c96fe;2-3-36-37-46;5;2025-03-08;samedi;2025-03-11 05:30:34;2025-03-11 05:30:34;acf7be33-bc94-41e5-82c8-c7f65047f3e9
5ae2f446-6f27-4d36-853c-5f0960545f5c;27-29-31-32-34;5;2025-03-10;lundi;2025-03-11 09:53:40;2025-03-11 09:53:40;7413b56e-9b24-44db-a0fa-a04b9ef82a31
57c384cd-43df-4a2b-af83-26b16e150757;25-26-43-44-45;5;2025-03-10;lundi;2025-03-11 10:06:33;2025-03-11 10:06:33;acf7be33-bc94-41e5-82c8-c7f65047f3e9
28a28917-e3a5-413b-89e1-e89d4c0b55d4;13-14-33-46-47;4;2025-03-10;mercredi;2025-03-11 11:24:12;2025-03-11 14:02:44;acf7be33-bc94-41e5-82c8-c7f65047f3e9
8ededfe9-f651-4456-aea1-b5214e41cc1b;6-30-31-47-48;5;2025-03-12;mercredi;2025-03-11 14:05:22;2025-03-11 14:05:22;7655e8ca-2bab-405e-8bc5-6b7b2d3fd726
420af315-b30f-463b-8563-633133a6cdc7;12-32-42-44-46;6;2025-03-15;samedi;2025-03-12 11:07:27;2025-03-12 11:07:27;7655e8ca-2bab-405e-8bc5-6b7b2d3fd726
4dad8d50-3664-47bc-a337-5ce602493834;8-9-10-25-26;6;2025-03-17;lundi;2025-03-12 11:07:46;2025-03-12 11:07:46;7655e8ca-2bab-405e-8bc5-6b7b2d3fd726
d58981e7-7307-4982-8bcf-90dd066621d1;12-32-34-46-49;6;2025-03-20;jeudi;2025-03-12 11:07:59;2025-03-12 11:07:59;7655e8ca-2bab-405e-8bc5-6b7b2d3fd726
860ce78a-2e5f-4334-8f26-39ea714e0f53;12-27-28-31-44;8;2025-03-22;samedi;2025-03-12 11:08:41;2025-03-12 11:08:41;7655e8ca-2bab-405e-8bc5-6b7b2d3fd726
7d9ed75b-3afd-4d1c-a241-aa3895d10862;11-12-31-44-45;5;2025-03-22;samedi;2025-03-12 12:29:34;2025-03-14 01:32:45;7413b56e-9b24-44db-a0fa-a04b9ef82a31
36c31f62-b8a8-4121-b3c3-1a80edf0f2e9;2-11-15-26-39;6;2025-03-10;samedi;2025-03-12 13:07:06;2025-03-12 13:07:25;7413b56e-9b24-44db-a0fa-a04b9ef82a31
83253bb6-1297-4ce0-822e-96ca45ec36d1;25-26-42-43-45;6;2025-03-10;mercredi;2025-03-13 00:16:34;2025-03-13 00:22:16;7413b56e-9b24-44db-a0fa-a04b9ef82a31
aa43a91c-e3bb-416f-997e-7213c72f263e;16-21-24-41-42;7;2025-03-12;mercredi;2025-03-13 00:17:18;2025-03-13 01:22:39;7413b56e-9b24-44db-a0fa-a04b9ef82a31
15b3182f-6c94-4da6-b408-78ded86a0c0d;3-23-24-25-26;2;2025-03-10;mardi;2025-03-13 00:32:48;2025-03-13 00:53:05;7413b56e-9b24-44db-a0fa-a04b9ef82a31
44866ebe-d17e-4357-b1ef-6db2ba506e4b;5-25-26-41-42;4;2025-05-17;mardi;2025-03-13 00:33:04;2025-03-13 01:56:59;7413b56e-9b24-44db-a0fa-a04b9ef82a31
ca613be8-c7b5-4b77-a4b3-3625009fb869;25-29-30-45-46;7;2025-03-12;mercredi;2025-03-13 00:33:16;2025-03-13 00:33:16;7413b56e-9b24-44db-a0fa-a04b9ef82a31
77f9d46f-e626-46bf-9085-a36335d0e0bf;8-9-24-25-29;7;2025-03-24;mardi;2025-03-13 01:57:25;2025-03-13 01:57:58;7413b56e-9b24-44db-a0fa-a04b9ef82a31
88124937-791b-47a3-b372-faef428965cb;32-33-34-35-36;7;2025-03-15;vendredi;2025-03-13 09:59:38;2025-03-13 10:00:06;7413b56e-9b24-44db-a0fa-a04b9ef82a31
4ac7d83b-4745-483d-b7d5-26d15066f942;13-15-16-25-26;8;2025-03-15;vendredi;2025-03-13 13:09:25;2025-03-13 13:10:20;7413b56e-9b24-44db-a0fa-a04b9ef82a31
9925f1c3-3ae1-482d-9696-e71a55a90b03;25-26-27-28-29;6;2025-03-15;vendredi;2025-03-13 14:32:28;2025-03-13 14:32:53;7413b56e-9b24-44db-a0fa-a04b9ef82a31
772cd91b-1c99-4785-87eb-f46b18ee1224;5-6-7-28-30;4;2025-03-15;vendredi;2025-03-13 16:04:25;2025-03-13 23:06:42;7413b56e-9b24-44db-a0fa-a04b9ef82a31
e3776e86-fe65-4490-bb01-75739d2ab64c;25-26-34-46-47;8;2025-03-10;lundi;2025-03-13 23:07:27;2025-03-13 23:07:27;7413b56e-9b24-44db-a0fa-a04b9ef82a31
bdc001f4-22be-4533-a024-89f61149891f;16-21-24-41-42;7;2025-03-12;mercredi;2025-03-13 23:09:26;2025-03-13 23:11:01;7413b56e-9b24-44db-a0fa-a04b9ef82a31
611e9a52-0aaa-4cd5-906c-311f5932062b;3-23-25-26-41;6;2024-03-29;vendredi;2025-03-14 00:19:17;2025-03-14 00:19:17;7413b56e-9b24-44db-a0fa-a04b9ef82a31
62ba072a-d79a-42ec-85d1-bbd74aefc108;4-5-25-26-43;4;2025-03-29;samedi;2025-03-14 00:19:48;2025-03-14 00:20:02;7413b56e-9b24-44db-a0fa-a04b9ef82a31
c5210a69-8012-4e7d-b7c3-e528199a26ec;2-22-23-24-25;4;2025-03-22;samedi;2025-03-14 01:32:07;2025-03-14 01:32:07;7413b56e-9b24-44db-a0fa-a04b9ef82a31
87dc5794-0bfa-40b0-aad5-ff3fac4298e8;6-9-28-29-31;6;2025-03-24;dimanche;2025-03-23 20:17:19;2025-03-23 20:17:55;7413b56e-9b24-44db-a0fa-a04b9ef82a31
